{"phones": ["a1", "a2", "a3", "a4", "a5", "ai1", "ai2", "ai3", "ai4", "ai5", "air1", "air2", "air3", "air4", "air5", "an1", "an2", "an3", "an4", "an5", "ang1", "ang2", "ang3", "ang4", "ang5", "angr1", "angr2", "angr3", "angr4", "angr5", "anr1", "anr2", "anr3", "anr4", "anr5", "ao1", "ao2", "ao3", "ao4", "ao5", "aor1", "aor2", "aor3", "aor4", "aor5", "ar1", "ar2", "ar3", "ar4", "ar5", "b", "c", "ch", "d", "e1", "e2", "e3", "e4", "e5", "ei1", "ei2", "ei3", "ei4", "ei5", "eir1", "eir2", "eir3", "eir4", "eir5", "en1", "en2", "en3", "en4", "en5", "eng1", "eng2", "eng3", "eng4", "eng5", "enr1", "enr2", "enr3", "enr4", "enr5", "er1", "er2", "er3", "er4", "er5", "f", "g", "g1", "g2", "g3", "g4", "g5", "h", "i1", "i2", "i3", "i4", "i5", "ia1", "ia2", "ia3", "ia4", "ia5", "ian1", "ian2", "ian3", "ian4", "ian5", "iang1", "iang2", "iang3", "iang4", "iang5", "ianr1", "ianr2", "ianr3", "ianr4", "ianr5", "iao1", "iao2", "iao3", "iao4", "iao5", "iar1", "iar2", "iar3", "iar4", "iar5", "ie1", "ie2", "ie3", "ie4", "ie5", "in1", "in2", "in3", "in4", "in5", "ing1", "ing2", "ing3", "ing4", "ing5", "ingr1", "ingr2", "ingr3", "ingr4", "ingr5", "inr1", "inr2", "inr3", "inr4", "inr5", "iong1", "iong2", "iong3", "iong4", "iong5", "ir1", "ir2", "ir3", "ir4", "ir5", "iu1", "iu2", "iu3", "iu4", "iu5", "iur1", "iur2", "iur3", "iur4", "iur5", "j", "k", "l", "m", "n", "o1", "o2", "o3", "o4", "o5", "ong1", "ong2", "ong3", "ong4", "ong5", "ongr1", "ongr2", "ongr3", "ongr4", "ongr5", "ou1", "ou2", "ou3", "ou4", "ou5", "our1", "our2", "our3", "our4", "our5", "p", "q", "r", "s", "sh", "t", "u1", "u2", "u3", "u4", "u5", "ua1", "ua2", "ua3", "ua4", "ua5", "uai1", "uai2", "uai3", "uai4", "uai5", "uair1", "uair2", "uair3", "uair4", "uair5", "uan1", "uan2", "uan3", "uan4", "uan5", "uang1", "uang2", "uang3", "uang4", "uang5", "uanr1", "uanr2", "uanr3", "uanr4", "uanr5", "ue1", "ue2", "ue3", "ue4", "ue5", "ui1", "ui2", "ui3", "ui4", "ui5", "uir1", "uir2", "uir3", "uir4", "uir5", "un1", "un2", "un3", "un4", "un5", "unr1", "unr2", "unr3", "unr4", "unr5", "uo1", "uo2", "uo3", "uo4", "uo5", "uor1", "uor2", "uor3", "uor4", "uor5", "ur1", "ur2", "ur3", "ur4", "ur5", "v1", "v2", "v3", "v4", "v5", "ve1", "ve2", "ve3", "ve4", "ve5", "w", "x", "y", "z", "zh"], "phone_groups": {"a1": ["a1"], "a2": ["a2"], "a3": ["a3"], "a4": ["a4"], "a5": ["a5"], "ai1": ["ai1"], "ai2": ["ai2"], "ai3": ["ai3"], "ai4": ["ai4"], "ai5": ["ai5"], "air1": ["air1"], "air2": ["air2"], "air3": ["air3"], "air4": ["air4"], "air5": ["air5"], "an1": ["an1"], "an2": ["an2"], "an3": ["an3"], "an4": ["an4"], "an5": ["an5"], "ang1": ["ang1"], "ang2": ["ang2"], "ang3": ["ang3"], "ang4": ["ang4"], "ang5": ["ang5"], "angr1": ["angr1"], "angr2": ["angr2"], "angr3": ["angr3"], "angr4": ["angr4"], "angr5": ["angr5"], "anr1": ["anr1"], "anr2": ["anr2"], "anr3": ["anr3"], "anr4": ["anr4"], "anr5": ["anr5"], "ao1": ["ao1"], "ao2": ["ao2"], "ao3": ["ao3"], "ao4": ["ao4"], "ao5": ["ao5"], "aor1": ["aor1"], "aor2": ["aor2"], "aor3": ["aor3"], "aor4": ["aor4"], "aor5": ["aor5"], "ar1": ["ar1"], "ar2": ["ar2"], "ar3": ["ar3"], "ar4": ["ar4"], "ar5": ["ar5"], "b": ["b"], "c": ["c"], "ch": ["ch"], "d": ["d"], "e1": ["e1"], "e2": ["e2"], "e3": ["e3"], "e4": ["e4"], "e5": ["e5"], "ei1": ["ei1"], "ei2": ["ei2"], "ei3": ["ei3"], "ei4": ["ei4"], "ei5": ["ei5"], "eir1": ["eir1"], "eir2": ["eir2"], "eir3": ["eir3"], "eir4": ["eir4"], "eir5": ["eir5"], "en1": ["en1"], "en2": ["en2"], "en3": ["en3"], "en4": ["en4"], "en5": ["en5"], "eng1": ["eng1"], "eng2": ["eng2"], "eng3": ["eng3"], "eng4": ["eng4"], "eng5": ["eng5"], "enr1": ["enr1"], "enr2": ["enr2"], "enr3": ["enr3"], "enr4": ["enr4"], "enr5": ["enr5"], "er1": ["er1"], "er2": ["er2"], "er3": ["er3"], "er4": ["er4"], "er5": ["er5"], "f": ["f"], "g": ["g"], "g1": ["g1"], "g2": ["g2"], "g3": ["g3"], "g4": ["g4"], "g5": ["g5"], "h": ["h"], "i1": ["i1"], "i2": ["i2"], "i3": ["i3"], "i4": ["i4"], "i5": ["i5"], "ia1": ["ia1"], "ia2": ["ia2"], "ia3": ["ia3"], "ia4": ["ia4"], "ia5": ["ia5"], "ian1": ["ian1"], "ian2": ["ian2"], "ian3": ["ian3"], "ian4": ["ian4"], "ian5": ["ian5"], "iang1": ["iang1"], "iang2": ["iang2"], "iang3": ["iang3"], "iang4": ["iang4"], "iang5": ["iang5"], "ianr1": ["ianr1"], "ianr2": ["ianr2"], "ianr3": ["ianr3"], "ianr4": ["ianr4"], "ianr5": ["ianr5"], "iao1": ["iao1"], "iao2": ["iao2"], "iao3": ["iao3"], "iao4": ["iao4"], "iao5": ["iao5"], "iar1": ["iar1"], "iar2": ["iar2"], "iar3": ["iar3"], "iar4": ["iar4"], "iar5": ["iar5"], "ie1": ["ie1"], "ie2": ["ie2"], "ie3": ["ie3"], "ie4": ["ie4"], "ie5": ["ie5"], "in1": ["in1"], "in2": ["in2"], "in3": ["in3"], "in4": ["in4"], "in5": ["in5"], "ing1": ["ing1"], "ing2": ["ing2"], "ing3": ["ing3"], "ing4": ["ing4"], "ing5": ["ing5"], "ingr1": ["ingr1"], "ingr2": ["ingr2"], "ingr3": ["ingr3"], "ingr4": ["ingr4"], "ingr5": ["ingr5"], "inr1": ["inr1"], "inr2": ["inr2"], "inr3": ["inr3"], "inr4": ["inr4"], "inr5": ["inr5"], "iong1": ["iong1"], "iong2": ["iong2"], "iong3": ["iong3"], "iong4": ["iong4"], "iong5": ["iong5"], "ir1": ["ir1"], "ir2": ["ir2"], "ir3": ["ir3"], "ir4": ["ir4"], "ir5": ["ir5"], "iu1": ["iu1"], "iu2": ["iu2"], "iu3": ["iu3"], "iu4": ["iu4"], "iu5": ["iu5"], "iur1": ["iur1"], "iur2": ["iur2"], "iur3": ["iur3"], "iur4": ["iur4"], "iur5": ["iur5"], "j": ["j"], "k": ["k"], "l": ["l"], "m": ["m"], "n": ["n"], "o1": ["o1"], "o2": ["o2"], "o3": ["o3"], "o4": ["o4"], "o5": ["o5"], "ong1": ["ong1"], "ong2": ["ong2"], "ong3": ["ong3"], "ong4": ["ong4"], "ong5": ["ong5"], "ongr1": ["ongr1"], "ongr2": ["ongr2"], "ongr3": ["ongr3"], "ongr4": ["ongr4"], "ongr5": ["ongr5"], "ou1": ["ou1"], "ou2": ["ou2"], "ou3": ["ou3"], "ou4": ["ou4"], "ou5": ["ou5"], "our1": ["our1"], "our2": ["our2"], "our3": ["our3"], "our4": ["our4"], "our5": ["our5"], "p": ["p"], "q": ["q"], "r": ["r"], "s": ["s"], "sh": ["sh"], "t": ["t"], "u1": ["u1"], "u2": ["u2"], "u3": ["u3"], "u4": ["u4"], "u5": ["u5"], "ua1": ["ua1"], "ua2": ["ua2"], "ua3": ["ua3"], "ua4": ["ua4"], "ua5": ["ua5"], "uai1": ["uai1"], "uai2": ["uai2"], "uai3": ["uai3"], "uai4": ["uai4"], "uai5": ["uai5"], "uair1": ["uair1"], "uair2": ["uair2"], "uair3": ["uair3"], "uair4": ["uair4"], "uair5": ["uair5"], "uan1": ["uan1"], "uan2": ["uan2"], "uan3": ["uan3"], "uan4": ["uan4"], "uan5": ["uan5"], "uang1": ["uang1"], "uang2": ["uang2"], "uang3": ["uang3"], "uang4": ["uang4"], "uang5": ["uang5"], "uanr1": ["uanr1"], "uanr2": ["uanr2"], "uanr3": ["uanr3"], "uanr4": ["uanr4"], "uanr5": ["uanr5"], "ue1": ["ue1"], "ue2": ["ue2"], "ue3": ["ue3"], "ue4": ["ue4"], "ue5": ["ue5"], "ui1": ["ui1"], "ui2": ["ui2"], "ui3": ["ui3"], "ui4": ["ui4"], "ui5": ["ui5"], "uir1": ["uir1"], "uir2": ["uir2"], "uir3": ["uir3"], "uir4": ["uir4"], "uir5": ["uir5"], "un1": ["un1"], "un2": ["un2"], "un3": ["un3"], "un4": ["un4"], "un5": ["un5"], "unr1": ["unr1"], "unr2": ["unr2"], "unr3": ["unr3"], "unr4": ["unr4"], "unr5": ["unr5"], "uo1": ["uo1"], "uo2": ["uo2"], "uo3": ["uo3"], "uo4": ["uo4"], "uo5": ["uo5"], "uor1": ["uor1"], "uor2": ["uor2"], "uor3": ["uor3"], "uor4": ["uor4"], "uor5": ["uor5"], "ur1": ["ur1"], "ur2": ["ur2"], "ur3": ["ur3"], "ur4": ["ur4"], "ur5": ["ur5"], "v1": ["v1"], "v2": ["v2"], "v3": ["v3"], "v4": ["v4"], "v5": ["v5"], "ve1": ["ve1"], "ve2": ["ve2"], "ve3": ["ve3"], "ve4": ["ve4"], "ve5": ["ve5"], "w": ["w"], "x": ["x"], "y": ["y"], "z": ["z"], "zh": ["zh"]}, "version": "2.2.15", "architecture": "gmm-hmm", "train_date": "2023-09-06 19:36:40.849849", "training": {"audio_duration": 42677.526916666946, "num_speakers": 1, "num_utterances": 9999, "num_oovs": 0, "average_log_likelihood": -0.010334714323984489}, "dictionaries": {"names": ["pinyin"], "default": "pinyin", "silence_word": "<eps>", "use_g2p": false, "oov_word": "<unk>", "bracketed_word": "[bracketed]", "laughter_word": "[laughter]", "clitic_marker": "'", "position_dependent_phones": false}, "features": {"type": "mfcc", "use_energy": false, "frame_shift": 10, "frame_length": 25, "snip_edges": true, "low_frequency": 20, "high_frequency": 7800, "sample_frequency": 16000, "allow_downsample": true, "allow_upsample": true, "dither": 1, "energy_floor": 0, "num_coefficients": 13, "num_mel_bins": 23, "cepstral_lifter": 22, "preemphasis_coefficient": 0.97, "uses_cmvn": true, "uses_deltas": true, "uses_voiced": false, "uses_splices": false, "uses_speaker_adaptation": true, "use_pitch": false, "use_voicing": false, "min_f0": 50, "max_f0": 800, "delta_pitch": 0.005, "penalty_factor": 0.1, "silence_weight": 0.0, "splice_left_context": 3, "splice_right_context": 3}, "oov_phone": "spn", "optional_silence_phone": "sil", "phone_set_type": "UNKNOWN", "silence_probability": 0.18, "initial_silence_probability": 0.18, "final_silence_correction": 0.99, "final_non_silence_correction": 0.01}